"id","title","title_length","title_length_category","score","num_comments","author","author_status","created_utc","post_date","post_day","post_hour","post_day_of_week","url","content_type","over_18","edited","spoiler","stickied","popularity_category","engagement_rate","is_highly_commented","is_controversial","is_viral","processed_timestamp","data_source","post_year","post_month"
"17d3xk3","What is data engineering *not*?","31","short","58","76","No_Newspaper3209","active","2023-10-21 14:34:12","2023-10-21","21","14","7","https://www.reddit.com/r/dataengineering/comments/17d3xk3/what_is_data_engineering_not/","text_post","False","False","False","False","normal","1.3103","true","true","false","2026-03-08 10:06:38.459","reddit_api","2023","10"
"17d8xv3","Is Apache Beam still popular for Data Engineering?","50","medium","39","15","HealthBigDataGuy","active","2023-10-21 18:24:09","2023-10-21","21","18","7","https://www.reddit.com/r/dataengineering/comments/17d8xv3/is_apache_beam_still_popular_for_data_engineering/","text_post","False","False","False","False","normal","0.3846","false","false","false","2026-03-08 10:06:38.459","reddit_api","2023","10"
"17dh3xg","Does Databricks Spark offer any performance benefits compared to the fully open source Spark or managed Spark?","110","long","23","20","Rengar-Pounce","active","2023-10-22 00:46:43","2023-10-22","22","0","1","https://www.reddit.com/r/dataengineering/comments/17dh3xg/does_databricks_spark_offer_any_performance/","text_post","False","False","False","False","normal","0.8696","false","false","false","2026-03-08 10:06:38.459","reddit_api","2023","10"
"17d375d","What is the best way to Ingest large tall tables in snowflake from different data system","88","medium","15","15","fjrirjdjdi027","active","2023-10-21 13:59:25","2023-10-21","21","13","7","https://www.reddit.com/r/dataengineering/comments/17d375d/what_is_the_best_way_to_ingest_large_tall_tables/","text_post","False","False","False","False","normal","1.0","false","false","false","2026-03-08 10:06:38.459","reddit_api","2023","10"
"17dnmln","Migrating away from Snowflake?","30","short","12","9","sb2nov","active","2023-10-22 07:16:23","2023-10-22","22","7","1","https://www.reddit.com/r/dataengineering/comments/17dnmln/migrating_away_from_snowflake/","text_post","False","False","False","False","normal","0.75","false","false","false","2026-03-08 10:06:38.459","reddit_api","2023","10"
"17d4w6g","Speeding up transition between EDA and engineering","50","medium","5","6","suspicious_williams","active","2023-10-21 15:18:58","2023-10-21","21","15","7","https://www.reddit.com/r/dataengineering/comments/17d4w6g/speeding_up_transition_between_eda_and_engineering/","text_post","False","False","False","False","low_engagement","1.2","false","false","false","2026-03-08 10:06:38.459","reddit_api","2023","10"
"17dnhdg","Data Engineering Project Scoping / Quantifying","46","short","4","0","phmark19","active","2023-10-22 07:06:28","2023-10-22","22","7","1","https://www.reddit.com/r/dataengineering/comments/17dnhdg/data_engineering_project_scoping_quantifying/","text_post","False","False","False","False","low_engagement","0.0","false","false","false","2026-03-08 10:06:38.459","reddit_api","2023","10"
"17dqs3n","Seeking advice on next steps","28","short","2","6","eldobhatobugyi","active","2023-10-22 11:02:59","2023-10-22","22","11","1","https://www.reddit.com/r/dataengineering/comments/17dqs3n/seeking_advice_on_next_steps/","text_post","False","False","False","False","low_engagement","3.0","false","false","false","2026-03-08 10:06:38.459","reddit_api","2023","10"
"17dhz8x","ETL on snowflake","16","short","2","9","Professional-Ninja70","active","2023-10-22 01:32:10","2023-10-22","22","1","1","https://www.reddit.com/r/dataengineering/comments/17dhz8x/etl_on_snowflake/","text_post","False","False","False","False","low_engagement","4.5","false","false","false","2026-03-08 10:06:38.459","reddit_api","2023","10"
"17d6rcu","How to Speed Up Spark Jobs on Small Test Datasets","49","short","2","0","luminoumen","active","2023-10-21 16:44:11","2023-10-21","21","16","7","https://luminousmen.com/post/how-to-speed-up-spark-jobs-on-small-test-datasets","external_link","False","False","False","False","low_engagement","0.0","false","false","false","2026-03-08 10:06:38.459","reddit_api","2023","10"
"17d6fs7","Integration with CDP","20","short","2","3","cyamnihc","active","2023-10-21 16:29:17","2023-10-21","21","16","7","https://www.reddit.com/r/dataengineering/comments/17d6fs7/integration_with_cdp/","text_post","False","False","False","False","low_engagement","1.5","false","false","false","2026-03-08 10:06:38.459","reddit_api","2023","10"
"17dpusy","Best platforms to prepare for cloud certifications","50","medium","1","1","zak_hj","active","2023-10-22 09:59:15","2023-10-22","22","9","1","https://www.reddit.com/r/dataengineering/comments/17dpusy/best_platforms_to_prepare_for_cloud_certifications/","text_post","False","False","False","False","low_engagement","1.0","false","false","false","2026-03-08 10:06:38.459","reddit_api","2023","10"
"17dp33n","dbutils.fs.mv databricks","24","short","1","0","TheVictarion","active","2023-10-22 09:02:11","2023-10-22","22","9","1","https://www.reddit.com/r/dataengineering/comments/17dp33n/dbutilsfsmv_databricks/","text_post","False","False","False","False","low_engagement","0.0","false","false","false","2026-03-08 10:06:38.459","reddit_api","2023","10"
"17do4uu","Magical Software Sucks","22","short","1","0","heninkguy","active","2023-10-22 07:52:13","2023-10-22","22","7","1","https://dodov.dev/blog/magical-software-sucks","external_link","False","False","False","False","low_engagement","0.0","false","false","false","2026-03-08 10:06:38.459","reddit_api","2023","10"
"17dkzqr","SSIS alternate for data pipeline?","33","short","1","5","BrownCoder","active","2023-10-22 04:19:46","2023-10-22","22","4","1","https://www.reddit.com/r/dataengineering/comments/17dkzqr/ssis_alternate_for_data_pipeline/","text_post","False","False","False","False","low_engagement","5.0","false","false","false","2026-03-08 10:06:38.459","reddit_api","2023","10"
"17deqy0","Looking to Learn Druid - Any Resources and Project Ideas?","57","medium","1","1","poolyhymnia","active","2023-10-21 22:49:58","2023-10-21","21","22","7","https://www.reddit.com/r/dataengineering/comments/17deqy0/looking_to_learn_druid_any_resources_and_project/","text_post","False","False","False","False","low_engagement","1.0","false","false","false","2026-03-08 10:06:38.459","reddit_api","2023","10"
"17de3uk","Best Complementary Language for Data Platform/DataOps/Cloud Data Engineers?","75","medium","1","7","jduran9987","active","2023-10-21 22:20:26","2023-10-21","21","22","7","https://www.reddit.com/r/dataengineering/comments/17de3uk/best_complementary_language_for_data/","text_post","False","False","False","False","low_engagement","7.0","false","false","false","2026-03-08 10:06:38.459","reddit_api","2023","10"
"17d8lwm","Need Advice! Worth it to Switch Roles? Data Engineering to SRE","62","medium","0","7","unpopulah","active","2023-10-21 18:08:53","2023-10-21","21","18","7","https://www.reddit.com/r/dataengineering/comments/17d8lwm/need_advice_worth_it_to_switch_roles_data/","text_post","False","False","False","False","low_engagement","0.0","false","false","false","2026-03-08 10:06:38.459","reddit_api","2023","10"
"17d73ak","Stream processing - Flink debugging","35","short","1","0","springRock88","active","2023-10-21 16:59:38","2023-10-21","21","16","7","https://www.reddit.com/r/dataengineering/comments/17d73ak/stream_processing_flink_debugging/","text_post","False","False","False","False","low_engagement","0.0","false","false","false","2026-03-08 10:06:38.459","reddit_api","2023","10"
"17d2ocf","Scala Spark Tutorial","20","short","1","1","anaksimandros0","active","2023-10-21 13:33:04","2023-10-21","21","13","7","https://www.reddit.com/r/dataengineering/comments/17d2ocf/scala_spark_tutorial/","text_post","False","False","False","False","low_engagement","1.0","false","false","false","2026-03-08 10:06:38.459","reddit_api","2023","10"
"17drwwp","Really confused on the core concepts of Spark for my Databricks Spark Developer certification exam coming up. Any helpful advice, please?","137","long","1","1","thebestnobody","active","2023-10-22 12:14:35","2023-10-22","22","12","1","https://www.reddit.com/r/dataengineering/comments/17drwwp/really_confused_on_the_core_concepts_of_spark_for/","text_post","False","False","False","False","low_engagement","1.0","false","false","false","2026-03-08 10:06:38.459","reddit_api","2023","10"
